{
  "project_info": {
    "project_number": "565998120457",
    "project_id": "webrtc-9db47",
    "storage_bucket": "webrtc-9db47.appspot.com"
  },
  "client": [
    {
      "client_info": {
        "mobilesdk_app_id": "1:565998120457:android:4716a3a4b8bc4ff84f52d8",
        "android_client_info": {
          "package_name": "com.example.flutter_web_rtc"
        }
      },
      "oauth_client": [
        {
          "client_id": "565998120457-og3t5f6tj99ng24m7r7rmjdbp651tpgo.apps.googleusercontent.com",
          "client_type": 3
        }
      ],
      "api_key": [
        {
          "current_key": "AIzaSyCJFoP5c1ioouGYB40NZR8sghj09pNYE5E"
        }
      ],
      "services": {
        "appinvite_service": {
          "other_platform_oauth_client": [
            {
              "client_id": "565998120457-og3t5f6tj99ng24m7r7rmjdbp651tpgo.apps.googleusercontent.com",
              "client_type": 3
            }
          ]
        }
      }
    }
  ],
  "configuration_version": "1"
}